{"count":1,"gauges":{"RollerBallBrain.CumulativeReward":{"count":591,"max":1,"min":0,"value":0,"weightedAverage":0.716564834}},"self":72.1564992,"total":74.144927,"children":{"AgentSendState":{"count":3650,"self":0.129346,"total":0.169403,"children":{"CollectObservations":{"count":7300,"self":0.040056999999999995,"total":0.040056999999999995,"children":null}}},"DecideAction":{"count":3650,"self":1.6383619999999999,"total":1.6383619999999999,"children":null},"AgentAct":{"count":3650,"self":0.17937699999999998,"total":0.17937699999999998,"children":null}}}